Short Url,Original Url
https://is.gd/OG4Zjk,https://media.glassdoor.com/l/e9/c1/7a/84/independence-day-celebration.jpg
https://is.gd/arQqcJ,http://canhotopazelite.info/wp-content/uploads/2018/08/office-bay-decoration-themes-with-office-bay-decoration-themes-elegant-yet-fun-office-bay-decoration-14.jpg
https://is.gd/6llsmg,https://doodleart.redbull.com/assets/managed/entries/processed/sm/367010617181759_36211000.jpg
https://is.gd/VAqK1b,https://static.vecteezy.com/system/resources/previews/000/107/464/non_2x/huge-doodle-vector-pack.jpg
https://is.gd/6llsmg,https://doodleart.redbull.com/assets/managed/entries/processed/sm/367010617181759_36211000.jpg
https://is.gd/0Sp6Q7,https://www.justcolor.net/wp-content/uploads/sites/1/nggallery/doodle-art-doodling/coloring-page-adults-doodle-art-rachel.jpg
https://is.gd/xKrwMh,https://i.ytimg.com/vi/O5u1apUkYV0/maxresdefault.jpg
https://is.gd/0Sp6Q7,https://www.justcolor.net/wp-content/uploads/sites/1/nggallery/doodle-art-doodling/coloring-page-adults-doodle-art-rachel.jpg
https://is.gd/arQqcJ,http://canhotopazelite.info/wp-content/uploads/2018/08/office-bay-decoration-themes-with-office-bay-decoration-themes-elegant-yet-fun-office-bay-decoration-14.jpg
https://is.gd/xKrwMh,https://i.ytimg.com/vi/O5u1apUkYV0/maxresdefault.jpg
https://is.gd/VAqK1b,https://static.vecteezy.com/system/resources/previews/000/107/464/non_2x/huge-doodle-vector-pack.jpg
https://is.gd/4VrHmY,http://sousmonarbre.com/qphj/bd963843d2239ed78aa6f7b0a36b537d/qdp/shapely-table-mat-design-office-bay-decoration-mes-at-work-decorating-ideas-office-decoration-mes-design-ideas-cream-wall-paint-decoration-messroom-wooden-laminate-ing-tosca-color__office-decorating-ideas.jpg
https://is.gd/4VrHmY,http://sousmonarbre.com/qphj/bd963843d2239ed78aa6f7b0a36b537d/qdp/shapely-table-mat-design-office-bay-decoration-mes-at-work-decorating-ideas-office-decoration-mes-design-ideas-cream-wall-paint-decoration-messroom-wooden-laminate-ing-tosca-color__office-decorating-ideas.jpg
https://is.gd/OG4Zjk,https://media.glassdoor.com/l/e9/c1/7a/84/independence-day-celebration.jpg
